Node,Load,FX (kN),FY (kN),FZ (kN),MX (kN*m),MY (kN*m),MZ (kN*m)
1,DL,2.606863,-14.952366,356.06184,21.474406,6.254673,-0.24608
2,DL,10.894097,2.19948,305.450237,-6.215035,20.177757,-0.24608
3,DL,2.865188,13.932638,99.388826,-24.750868,5.464095,-0.24608
4,DL,-20.838802,-8.255265,390.182695,11.068637,-32.01106,-0.24608
5,DL,18.207324,6.444333,452.22307,-12.266029,30.231993,-0.24608
6,DL,11.166317,-18.19467,389.165994,27.51046,19.657072,-0.24608
7,DL,6.863871,9.921519,395.658298,-17.879497,13.127063,-0.24608
8,DL,9.810458,0.903412,478.833277,-3.320928,18.428362,-0.24608
9,DL,-0.130271,-1.833702,524.977737,1.879767,0.628313,-0.24608
10,DL,0.758797,-13.337335,329.343672,20.450897,2.855475,-0.24608
11,DL,-7.782823,4.377117,243.859025,-8.146798,-10.518133,-0.24608
12,DL,-12.459183,3.743311,358.085169,-7.123601,-17.523099,-0.24608
13,DL,1.39133,5.636278,165.697072,-9.763817,4.292353,-0.24608
14,DL,-3.569374,1.11576,260.732055,-2.466024,-3.17165,-0.24608
15,DL,1.852778,-0.29636,203.058744,-0.186339,5.92816,-0.24608
16,DL,-5.762123,-26.550868,232.014784,42.544621,-8.909015,-0.24608
17,DL,-10.57705,12.446097,407.542748,-20.410945,-16.236663,-0.24608
18,DL,-3.448275,-12.476821,297.322275,19.823889,-3.936301,-0.24608
19,DL,5.33437,0.976286,167.619063,-1.894416,10.657882,-0.24608
20,DL,-2.635797,5.473217,236.159509,-9.15413,-1.931768,-0.24608
21,DL,10.272129,-0.586897,315.704,0.629142,19.520115,-0.24608
22,DL,24.527228,-49.704622,272.832012,80.507376,39.989233,-0.24608
23,DL,16.785733,20.101341,430.268787,-32.185339,27.937018,-0.24608
24,DL,10.471364,-15.920068,338.642718,25.966574,18.53516,-0.24608
25,DL,10.787834,2.437417,402.513103,-3.669214,19.461795,-0.24608
26,DL,-6.212771,8.910159,550.391506,-14.118621,-7.706331,-0.24608
27,DL,7.8444,-5.31008,472.375657,8.838119,15.60086,-0.24608
28,DL,25.689332,20.116104,422.540509,-32.209173,45.201075,-0.24608
29,DL,8.414338,0.679051,491.183687,-0.830559,18.104704,-0.24608
30,DL,8.666566,-2.815501,486.777477,4.810944,19.303769,-0.24608
31,DL,28.948422,55.896098,567.440002,-89.971355,52.838083,-0.24608
32,DL,-34.123321,-48.477517,256.40471,79.417234,-54.694508,-0.24608
33,DL,-3.196688,-2.56649,20.776034,5.299806,-4.618974,-0.24608
34,DL,-19.143405,14.684669,406.661786,-22.549962,-30.065936,-0.24608
35,DL,-11.007196,-15.364381,316.306552,25.960349,-16.139202,-0.24608
36,DL,-10.597249,3.012865,413.651499,-3.707341,-15.061661,-0.24608
37,DL,-13.457805,0.919864,460.268101,-0.328462,-19.402503,-0.24608
38,DL,-16.017342,16.996872,481.706687,-26.282716,-22.920841,-0.24608
39,DL,-23.102218,-6.890716,520.588448,12.280712,-33.566584,-0.24608
40,DL,-10.987626,1.538517,353.658898,-1.327197,-13.217264,-0.24608
41,DL,-10.619294,-1.404036,348.61095,3.423175,-11.830763,-0.24608
42,DL,-24.039182,34.62383,567.919523,-54.739163,-32.703563,-0.24608
43,DL,15.210127,-12.145004,150.755622,21.178816,25.096453,-0.24608
44,DL,16.570052,14.433635,381.934159,-21.728965,27.588828,-0.24608
45,DL,11.523461,-16.659948,288.423314,28.467611,20.233635,-0.24608
46,DL,5.181933,24.030644,471.289383,-37.222098,10.411791,-0.24608
47,DL,10.180911,-6.620001,502.982819,12.259412,19.372855,-0.24608
48,DL,12.840512,3.402826,449.915418,-3.921149,24.458315,-0.24608
49,DL,14.608419,0.505931,327.292687,0.755515,28.104247,-0.24608
50,DL,14.933563,0.58545,326.342813,0.627142,29.421027,-0.24608
51,DL,8.571196,-8.920297,347.524494,15.972944,19.941682,-0.24608
52,DL,-28.287356,9.491183,474.825285,-13.750014,-39.165756,-0.24608
53,DL,-19.560618,-9.567805,117.473931,17.84973,-31.036426,-0.24608
54,DL,-16.522397,19.471358,406.054854,-29.030249,-25.834658,-0.24608
55,DL,-4.95058,-18.800108,393.896377,32.754092,-6.361578,-0.24608
56,DL,2.578588,3.364667,412.02402,-3.028076,6.209028,-0.24608
57,DL,-6.96373,-6.732559,352.307872,13.272591,-8.6514,-0.24608
58,DL,-0.825061,15.808978,424.929562,-23.117809,1.605134,-0.24608
59,DL,-0.382413,0.002243,532.781622,2.400123,3.111609,-0.24608
60,DL,-2.558966,0.33674,475.780227,1.860121,0.38972,-0.24608
61,DL,-2.025402,1.114761,481.204055,0.604107,2.042966,-0.24608
62,DL,4.667053,-19.073706,384.728039,33.195781,13.638946,-0.24608
63,DL,-9.240237,3.822471,275.024939,-3.767142,-8.416639,-0.24608
1,SDL,-2.215619,-2.782252,56.190782,4.850153,-2.689744,-0.018225
2,SDL,-3.729618,0.874458,42.483176,-1.053135,-5.093579,-0.018225
3,SDL,0.830922,3.517764,8.707516,-5.290354,2.139068,-0.018225
4,SDL,-0.392732,-2.592174,85.601663,4.573353,0.222282,-0.018225
5,SDL,3.513577,6.836214,85.490795,-10.618239,6.469868,-0.018225
6,SDL,6.342503,-6.459087,165.365017,10.845307,11.095451,-0.018225
7,SDL,9.957719,-0.523471,158.247946,1.263022,16.96254,-0.018225
8,SDL,7.850082,0.003291,100.361976,0.412632,13.600351,-0.018225
9,SDL,0.885143,12.698709,123.509463,-20.024568,2.2266,-0.018225
10,SDL,0.16984,-10.703776,131.625067,17.755724,1.130483,-0.018225
11,SDL,-5.661914,2.88043,89.517791,-4.174224,-8.253342,-0.018225
12,SDL,-2.537313,-3.88647,82.204842,6.750063,-3.168758,-0.018225
13,SDL,0.209926,4.05256,54.559703,-6.035687,1.225987,-0.018225
14,SDL,-0.988301,-3.347513,74.631747,5.910777,-0.668077,-0.018225
15,SDL,0.500572,-0.216009,22.595831,0.855368,1.761173,-0.018225
16,SDL,1.390074,-1.138807,1.69728,2.370763,3.008758,-0.018225
17,SDL,-0.195097,9.075082,114.213783,-14.118241,0.482692,-0.018225
18,SDL,-2.947922,-8.883917,112.280086,14.874244,-3.902741,-0.018225
19,SDL,3.501651,-0.269652,46.858995,0.967626,6.54005,-0.018225
20,SDL,-2.571988,1.746315,83.794597,-2.286893,-3.244528,-0.018225
21,SDL,3.156722,-2.673311,84.853366,4.848022,6.049185,-0.018225
22,SDL,2.891372,-1.322807,13.166435,2.711059,5.432409,-0.018225
23,SDL,4.729359,10.241223,135.660532,-15.957573,8.432592,-0.018225
24,SDL,7.422728,-11.046568,136.413007,18.408816,12.839334,-0.018225
25,SDL,-0.847124,0.536434,116.06196,-0.290445,-0.480485,-0.018225
26,SDL,-16.15638,4.199228,202.988533,-6.203552,-25.174776,-0.018225
27,SDL,-3.770827,-3.973855,112.213543,6.990835,-5.134449,-0.018225
28,SDL,4.919027,5.688013,85.148783,-8.607004,8.952845,-0.018225
29,SDL,11.616406,-0.157431,130.062356,0.82971,19.823546,-0.018225
30,SDL,11.540475,-0.231297,130.353516,0.948957,19.759613,-0.018225
31,SDL,7.526842,0.163602,108.67204,0.311445,13.338766,-0.018225
32,SDL,-3.213127,-0.242366,10.181633,1.032805,-4.422516,-0.018225
33,SDL,0.328067,-1.950954,-5.614357,3.7911,1.30528,-0.018225
34,SDL,-5.061614,9.251257,122.973631,-14.293423,-7.373671,-0.018225
35,SDL,-8.780382,-10.552789,124.554274,17.677652,-13.318495,-0.018225
36,SDL,-1.685454,1.419419,110.161836,-1.649933,-1.833861,-0.018225
37,SDL,3.944118,-0.380062,167.86486,1.255097,7.274883,-0.018225
38,SDL,2.649654,1.261337,152.290389,-1.39473,5.230589,-0.018225
39,SDL,-3.653519,7.819419,163.819349,-11.981906,-4.886423,-0.018225
40,SDL,-10.62235,-0.366415,145.56341,1.233066,-16.078055,-0.018225
41,SDL,-10.705134,0.359914,143.338126,0.060502,-16.153052,-0.018225
42,SDL,-6.763446,-4.691093,223.064474,8.2147,-9.731058,-0.018225
43,SDL,2.410774,-1.955074,1.486712,3.828541,4.667542,-0.018225
44,SDL,4.889725,8.624341,115.637684,-13.250559,8.69148,-0.018225
45,SDL,8.769901,-9.963375,109.684368,16.756909,15.014171,-0.018225
46,SDL,3.798421,5.983977,155.111626,-8.988034,7.019148,-0.018225
47,SDL,5.529459,0.578729,329.014974,-0.261957,9.879662,-0.018225
48,SDL,5.910203,2.864359,276.408131,-3.951812,10.552972,-0.018225
49,SDL,10.13728,-0.275834,132.555956,1.117623,17.435689,-0.018225
50,SDL,10.054265,0.426628,133.442023,-0.016411,17.360319,-0.018225
51,SDL,2.026231,-9.431016,153.688742,15.897484,4.458741,-0.018225
52,SDL,-6.091786,1.645155,88.298432,-1.983565,-8.617427,-0.018225
53,SDL,-2.172436,-1.435381,1.137393,3.051142,-2.731458,-0.018225
54,SDL,-5.352458,4.513516,86.784328,-6.552584,-7.843202,-0.018225
55,SDL,-9.138112,-5.72209,102.820955,9.971481,-13.896004,-0.018225
56,SDL,-3.348319,0.704768,54.138087,-0.403852,-4.518341,-0.018225
57,SDL,-4.99832,-0.83141,89.298197,2.076109,-7.141735,-0.018225
58,SDL,-4.725686,4.283242,179.786907,-6.180836,-6.675946,-0.018225
59,SDL,-4.637682,0.144492,197.530627,0.500641,-6.475227,-0.018225
60,SDL,-9.572185,0.091995,125.426378,0.585391,-14.382699,-0.018225
61,SDL,-9.444134,0.358941,128.249859,0.15444,-14.117329,-0.018225
62,SDL,-0.416821,-5.872979,108.211074,10.215071,0.514748,-0.018225
63,SDL,2.994767,1.034426,30.814192,-0.936042,6.051641,-0.018225
1,LL,-3.464146,-4.961414,72.281772,7.516416,-4.376154,-0.072964
2,LL,-2.958306,2.385107,56.446642,-4.343593,-3.398119,-0.072964
3,LL,1.07778,3.827473,12.796327,-6.551776,2.59814,-0.072964
4,LL,-2.72697,-4.033505,116.987849,6.13876,-3.309344,-0.072964
5,LL,5.322489,4.401641,110.391706,-7.361299,9.450674,-0.072964
6,LL,7.843275,-6.980257,198.179589,11.013306,13.754952,-0.072964
7,LL,11.636147,-0.369627,176.342225,0.341298,20.00132,-0.072964
8,LL,8.613794,2.139965,116.833693,-3.710114,15.283543,-0.072964
9,LL,0.779131,9.648828,155.071209,-15.600346,2.116009,-0.072964
10,LL,0.272777,-10.553537,158.080046,17.013764,1.533359,-0.072964
11,LL,-5.913199,4.85256,127.143949,-7.85739,-8.329832,-0.072964
12,LL,-2.268338,-4.706752,115.674236,7.574885,-2.284254,-0.072964
13,LL,-0.095228,7.773639,93.268774,-12.449828,1.062531,-0.072964
14,LL,-1.947603,-5.003257,101.014101,8.17682,-1.766469,-0.072964
15,LL,0.594918,0.668725,31.545282,-0.979862,2.440824,-0.072964
16,LL,-0.806809,-7.125491,36.057038,11.705616,-0.576357,-0.072964
17,LL,-1.862993,10.08742,124.055163,-16.082408,-2.149359,-0.072964
18,LL,-3.625808,-8.758861,135.507773,14.34248,-4.760402,-0.072964
19,LL,5.478093,0.027683,75.954476,0.157739,10.059937,-0.072964
20,LL,-4.067996,2.056582,101.457932,-3.117655,-5.268814,-0.072964
21,LL,4.475066,-1.771085,96.479569,3.061618,8.704822,-0.072964
22,LL,6.003439,-12.159362,44.946731,20.005311,10.417909,-0.072964
23,LL,5.349845,12.661963,138.151703,-20.065514,9.494837,-0.072964
24,LL,9.549143,-11.466233,162.626778,18.886344,16.508855,-0.072964
25,LL,-2.362595,0.953839,167.610643,-1.164259,-2.597842,-0.072964
26,LL,-20.138872,6.162096,313.483412,-9.572319,-31.213168,-0.072964
27,LL,-2.931655,-3.9032,142.519809,6.676802,-3.252373,-0.072964
28,LL,6.759286,6.80539,106.220516,-10.610834,12.627193,-0.072964
29,LL,11.677304,0.124107,151.975826,0.175236,20.801493,-0.072964
30,LL,11.713468,-0.586346,151.378037,1.32217,21.094669,-0.072964
31,LL,9.535626,10.290084,143.580564,-16.236422,17.813618,-0.072964
32,LL,-6.998995,-10.462943,45.578845,17.530804,-10.572842,-0.072964
33,LL,-0.297356,-2.450479,-12.75049,4.595716,0.290112,-0.072964
34,LL,-5.372278,10.391644,129.383537,-16.136235,-7.814647,-0.072964
35,LL,-10.868665,-10.985892,147.955209,18.375037,-16.45306,-0.072964
36,LL,-2.133278,1.621305,160.603975,-1.977655,-2.227639,-0.072964
37,LL,3.569057,1.64931,294.533318,-2.022865,7.060223,-0.072964
38,LL,0.82272,2.892481,202.37308,-4.029803,2.808581,-0.072964
39,LL,-5.369801,6.719487,199.232052,-10.208011,-6.953651,-0.072964
40,LL,-10.864959,-0.090945,174.607955,0.786553,-15.59008,-0.072964
41,LL,-10.832699,0.049708,172.084598,0.559486,-15.303207,-0.072964
42,LL,-9.16187,3.285789,278.927661,-4.664749,-12.371076,-0.072964
43,LL,3.829364,-4.437552,14.113547,7.926855,6.952169,-0.072964
44,LL,5.387861,9.833121,120.5513,-15.111305,9.556209,-0.072964
45,LL,9.673911,-10.366077,119.891175,17.497692,16.710277,-0.072964
46,LL,4.442407,6.863193,198.797093,-10.31674,8.387955,-0.072964
47,LL,12.061958,5.389001,403.814806,-7.936847,20.95288,-0.072964
48,LL,7.547801,-1.291575,315.644316,2.848081,13.900149,-0.072964
49,LL,11.676055,0.083641,158.637299,0.627972,20.799477,-0.072964
50,LL,11.71307,0.62724,159.770481,-0.249598,21.094026,-0.072964
51,LL,3.244463,-11.436391,169.589631,19.225577,7.657347,-0.072964
52,LL,-12.588921,4.201192,120.676276,-6.019282,-17.786211,-0.072964
53,LL,-3.586868,-3.065229,11.741048,5.95795,-5.020381,-0.072964
54,LL,-4.693727,6.028329,100.233877,-8.722427,-6.719213,-0.072964
55,LL,-8.700874,-7.204543,118.370929,12.640338,-12.953442,-0.072964
56,LL,-2.682377,1.104792,64.329938,-0.774012,-3.114087,-0.072964
57,LL,-4.835517,-1.929448,98.892994,4.124377,-6.428635,-0.072964
58,LL,-10.401635,9.192542,236.493534,-13.83064,-15.311691,-0.072964
59,LL,-3.690362,-4.073003,231.916775,7.584871,-4.242414,-0.072964
60,LL,-8.459585,0.344004,145.716805,0.454183,-11.706915,-0.072964
61,LL,-8.244456,0.424585,149.008557,0.324096,-11.124823,-0.072964
62,LL,0.918314,-7.393928,120.442837,12.946076,3.90208,-0.072964
63,LL,3.38618,1.998468,43.713735,-2.216735,8.003528,-0.072964
1,Ex,-12.101535,-57.551314,-53.197695,165.349587,-42.09051,0.053777
2,Ex,-14.433989,-53.866239,50.273183,159.400508,-45.974929,0.053777
3,Ex,-18.956716,-43.233404,-39.117842,142.14648,-52.89341,0.053777
4,Ex,-14.461468,-57.697177,-45.988683,165.496375,-45.809465,0.053777
5,Ex,-20.511274,-47.452892,-13.249854,148.871774,-55.403042,0.053777
6,Ex,-19.657755,-63.543539,-32.98721,174.848045,-54.198199,0.053777
7,Ex,-18.111205,-67.222097,46.959488,180.786603,-51.792345,0.053777
8,Ex,-17.026539,-52.078698,53.672649,156.339539,-50.160266,0.053777
9,Ex,-16.082221,-48.094524,-23.982378,149.736716,-48.252909,0.053777
10,Ex,-16.295418,-63.245596,-64.737133,174.196166,-48.77014,0.053777
11,Ex,-18.79768,-66.774188,12.310827,179.892622,-52.900571,0.053777
12,Ex,-20.269467,-52.740666,24.174367,157.237313,-55.395555,0.053777
13,Ex,-21.919974,-53.058812,-69.238687,157.660066,-57.941112,0.053777
14,Ex,-16.996109,-70.370849,-58.309724,185.608115,-50.11114,0.053777
15,Ex,-19.064074,-60.697028,93.056082,169.99098,-53.525312,0.053777
16,Ex,-15.005102,-58.475054,-66.429248,166.328179,-46.416697,0.053777
17,Ex,-17.511536,-66.208501,25.905004,178.812831,-50.560353,0.053777
18,Ex,-17.462819,-61.275248,-67.677398,170.848732,-50.654758,0.053777
19,Ex,-20.851754,-75.057355,-70.532165,193.098164,-56.216608,0.053777
20,Ex,-15.796453,-74.138361,71.89194,191.614567,-48.116045,0.053777
21,Ex,-21.435622,-54.553675,146.995869,159.997619,-57.353871,0.053777
22,Ex,-20.100633,-56.812769,-46.483706,163.517009,-54.642774,0.053777
23,Ex,-16.635206,-65.318946,39.207897,177.249135,-49.145631,0.053777
24,Ex,-16.915609,-61.091904,-52.386903,170.425121,-49.771358,0.053777
25,Ex,-16.679411,-75.065617,-87.603239,192.983876,-49.480898,0.053777
26,Ex,-15.813283,-73.388643,63.652209,190.276617,-48.143216,0.053777
27,Ex,-17.578308,-54.464378,126.358536,159.725834,-51.126735,0.053777
28,Ex,-14.206692,-48.074179,-33.440336,149.409684,-45.856749,0.053777
29,Ex,-14.374656,-56.587479,-4.827809,163.153308,-46.300957,0.053777
30,Ex,-14.611012,-56.581668,-8.056198,163.143927,-46.855576,0.053777
31,Ex,-15.415107,-48.286912,20.873929,149.753114,-48.326735,0.053777
32,Ex,-14.934313,-25.287933,-13.539223,112.429547,-46.302418,0.053777
33,Ex,-17.079145,-71.505234,-108.803341,187.041415,-49.79742,0.053777
34,Ex,-18.142674,-71.836606,57.957792,187.57637,-51.579244,0.053777
35,Ex,-18.477721,-60.455334,-87.631324,169.202776,-52.293187,0.053777
36,Ex,-18.283491,-74.58101,-118.888199,192.006858,-52.070478,0.053777
37,Ex,-13.617676,-70.2806,149.492606,185.064401,-44.598691,0.053777
38,Ex,-18.993406,-57.164253,-10.947168,163.889751,-53.411228,0.053777
39,Ex,-19.618123,-55.366829,-23.022445,160.988042,-54.592806,0.053777
40,Ex,-19.666609,-54.820702,-24.112732,160.10639,-54.844132,0.053777
41,Ex,-19.958911,-54.968595,-24.234528,160.345145,-55.489068,0.053777
42,Ex,-20.946861,-52.45231,-19.116205,156.282927,-57.257037,0.053777
43,Ex,-22.982837,-69.955216,-91.990209,184.448257,-59.328168,0.053777
44,Ex,-18.488395,-71.752051,108.148548,187.349015,-52.137366,0.053777
45,Ex,-18.758288,-61.223746,-44.741234,170.352426,-52.746126,0.053777
46,Ex,-18.646995,-62.068539,92.891402,171.716236,-52.65731,0.053777
47,Ex,-19.159492,-53.395712,17.855667,157.715076,-53.679353,0.053777
48,Ex,-19.475383,-54.805659,23.151963,159.991254,-54.36237,0.053777
49,Ex,-19.829139,-54.721724,23.04754,159.855751,-55.106516,0.053777
50,Ex,-20.121235,-54.336095,24.291019,159.233202,-55.751119,0.053777
51,Ex,-20.501536,-63.474126,-58.36246,173.985375,-56.538117,0.053777
52,Ex,-20.885242,-57.007657,116.669999,163.546095,-57.244087,0.053777
53,Ex,-12.875166,-70.128425,-105.394036,184.546177,-43.010638,0.053777
54,Ex,-13.209955,-72.45177,94.260379,188.296916,-43.616006,0.053777
55,Ex,-13.607365,-61.798235,-59.75704,171.09816,-44.430624,0.053777
56,Ex,-13.580842,-65.464203,48.730888,177.016392,-44.478659,0.053777
57,Ex,-12.336825,-68.846661,-76.934836,182.476935,-42.589328,0.053777
58,Ex,-13.86211,-65.526748,112.833219,177.117364,-45.127413,0.053777
59,Ex,-14.238998,-54.949055,5.944735,160.041043,-45.908903,0.053777
60,Ex,-14.545064,-55.493565,7.435999,160.920084,-46.576059,0.053777
61,Ex,-14.809994,-55.016997,8.948686,160.150727,-47.176806,0.053777
62,Ex,-15.177298,-64.400427,-76.969164,175.299063,-47.942823,0.053777
63,Ex,-15.317284,-56.984991,115.697929,163.3278,-48.255337,0.053777
1,Ex +,-12.730342,-54.077394,-50.961323,155.389916,-43.933515,-0.279386
2,Ex +,-14.456496,-50.807801,46.337464,150.11158,-46.10207,-0.279386
3,Ex +,-21.066309,-40.940711,-40.473779,134.6432,-58.761912,-0.279386
4,Ex +,-15.850751,-54.765013,-47.165762,156.960751,-49.443015,-0.279386
5,Ex +,-22.786822,-45.421582,-10.693948,142.326514,-61.539458,-0.279386
6,Ex +,-20.790912,-60.784305,-28.377498,167.127647,-57.418267,-0.279386
7,Ex +,-18.626464,-64.294288,44.734258,172.794063,-53.452043,-0.279386
8,Ex +,-17.066691,-49.840515,51.05203,149.460311,-50.315892,-0.279386
9,Ex +,-17.9152,-46.690039,-23.230565,145.262088,-53.674853,-0.279386
10,Ex +,-17.30056,-61.379433,-62.687851,168.976219,-51.783544,-0.279386
11,Ex +,-19.467088,-64.796475,10.41075,174.492592,-54.809122,-0.279386
12,Ex +,-20.316252,-51.204396,22.37634,152.549935,-55.561889,-0.279386
13,Ex +,-22.703209,-51.932191,-68.481979,154.196869,-60.033421,-0.279386
14,Ex +,-17.024484,-68.788229,-56.452367,181.408766,-50.247754,-0.279386
15,Ex +,-18.714187,-59.356548,90.35249,166.182535,-52.582227,-0.279386
16,Ex +,-17.246749,-57.477479,-66.814623,163.542354,-53.101441,-0.279386
17,Ex +,-19.437571,-65.153941,24.664717,175.935012,-56.132524,-0.279386
18,Ex +,-18.535457,-60.302633,-67.009789,168.103201,-53.777126,-0.279386
19,Ex +,-21.591375,-73.860849,-67.996623,189.99119,-58.23851,-0.279386
20,Ex +,-16.077941,-72.945603,71.153854,188.513644,-49.023114,-0.279386
21,Ex +,-21.05593,-53.69547,144.520531,157.436789,-56.362668,-0.279386
22,Ex +,-22.88239,-56.502877,-45.416378,162.632037,-62.199456,-0.279386
23,Ex +,-18.495997,-64.975565,40.118317,176.310098,-54.612475,-0.279386
24,Ex +,-17.95604,-60.771934,-51.419226,169.523877,-52.841732,-0.279386
25,Ex +,-17.282222,-74.671213,-86.782028,191.962469,-51.281938,-0.279386
26,Ex +,-16.111976,-72.999929,63.264315,189.264397,-49.078059,-0.279386
27,Ex +,-17.256694,-54.180917,125.560413,158.883532,-50.229293,-0.279386
28,Ex +,-13.302719,-47.817893,-32.860904,148.611251,-42.947058,-0.279386
29,Ex +,-12.824623,-56.284258,-4.119702,162.279104,-41.276183,-0.279386
30,Ex +,-12.407445,-56.28436,-7.025661,162.279269,-39.703651,-0.279386
31,Ex +,-12.462351,-47.931588,22.211466,148.794797,-38.893238,-0.279386
32,Ex +,-16.834533,-25.613939,-13.288216,113.777266,-52.435972,-0.279386
33,Ex +,-19.371366,-72.332391,-112.178218,189.198176,-56.36279,-0.279386
34,Ex +,-20.166163,-72.640782,56.15907,189.696035,-57.308742,-0.279386
35,Ex +,-19.614777,-61.119939,-90.005519,171.09712,-55.519549,-0.279386
36,Ex +,-18.945385,-75.409081,-120.971481,194.165095,-53.9669,-0.279386
37,Ex +,-13.870491,-71.061536,151.376291,187.146544,-45.45947,-0.279386
38,Ex +,-18.654729,-57.79333,-10.443028,165.72674,-52.486241,-0.279386
39,Ex +,-18.372291,-55.973015,-21.532589,162.788076,-51.131228,-0.279386
40,Ex +,-17.535043,-55.420849,-21.437769,161.896675,-48.880548,-0.279386
41,Ex +,-16.930327,-55.576977,-20.453998,162.148723,-47.00526,-0.279386
42,Ex +,-16.984244,-52.836437,-13.159557,157.724475,-46.19325,-0.279386
43,Ex +,-25.917094,-71.326806,-92.212106,188.046792,-66.930021,-0.279386
44,Ex +,-20.549274,-73.103176,112.326146,190.914512,-57.927226,-0.279386
45,Ex +,-19.912382,-62.368532,-44.680218,173.584815,-55.999993,-0.279386
46,Ex +,-19.32152,-63.228402,95.282844,174.972963,-54.574122,-0.279386
47,Ex +,-18.81924,-54.390575,17.459581,160.705433,-52.751822,-0.279386
48,Ex +,-18.233074,-55.821239,21.716955,163.015055,-50.90648,-0.279386
49,Ex +,-17.679629,-55.737069,20.482844,162.879174,-49.113964,-0.279386
50,Ex +,-17.067003,-55.344132,20.642225,162.244828,-47.225905,-0.279386
51,Ex +,-16.559574,-64.653078,-64.709312,177.272919,-45.507675,-0.279386
52,Ex +,-17.251937,-58.028487,119.912231,166.578373,-46.175881,-0.279386
53,Ex +,-14.542854,-72.618366,-108.713678,191.075852,-48.56778,-0.279386
54,Ex +,-14.694874,-74.950266,98.130338,194.840404,-48.476052,-0.279386
55,Ex +,-14.441107,-63.912565,-61.799663,177.021461,-47.167326,-0.279386
56,Ex +,-14.062117,-67.709483,50.554626,183.151095,-46.083493,-0.279386
57,Ex +,-12.361934,-71.2076,-79.89116,188.798353,-42.72067,-0.279386
58,Ex +,-13.606853,-67.775197,116.669806,183.257182,-44.337095,-0.279386
59,Ex +,-13.328034,-56.822701,5.401701,165.57579,-42.987927,-0.279386
60,Ex +,-12.973449,-57.384241,6.609774,166.482325,-41.516443,-0.279386
61,Ex +,-12.578619,-56.89181,7.821708,165.687358,-39.979989,-0.279386
62,Ex +,-12.286529,-66.606832,-81.683825,181.371007,-38.609397,-0.279386
63,Ex +,-11.997311,-58.934452,117.827256,168.98494,-37.692965,-0.279386
1,Ex -,-11.472729,-61.025234,-55.434067,175.309258,-40.247505,0.38694
2,Ex -,-14.411483,-56.924676,54.208901,168.689437,-45.847788,0.38694
3,Ex -,-16.847123,-45.526097,-37.761904,149.649759,-47.024908,0.38694
4,Ex -,-13.072185,-60.629342,-44.811604,174.031998,-42.175914,0.38694
5,Ex -,-18.235725,-49.484203,-15.805761,155.417034,-49.266627,0.38694
6,Ex -,-18.524599,-66.302772,-37.596922,182.568442,-50.978132,0.38694
7,Ex -,-17.595945,-70.149906,49.184717,188.779143,-50.132647,0.38694
8,Ex -,-16.986388,-54.31688,56.293269,163.218766,-50.00464,0.38694
9,Ex -,-14.249243,-49.499008,-24.734192,154.211343,-42.830966,0.38694
10,Ex -,-15.290276,-65.111759,-66.786415,179.416113,-45.756735,0.38694
11,Ex -,-18.128272,-68.7519,14.210904,185.292652,-50.99202,0.38694
12,Ex -,-20.222683,-54.276936,25.972395,161.924691,-55.229221,0.38694
13,Ex -,-21.13674,-54.185432,-69.995394,161.123264,-55.848803,0.38694
14,Ex -,-16.967734,-71.953469,-60.167082,189.807465,-49.974525,0.38694
15,Ex -,-19.41396,-62.037508,95.759674,173.799426,-54.468398,0.38694
16,Ex -,-12.763455,-59.472629,-66.043872,169.114004,-39.731953,0.38694
17,Ex -,-15.585501,-67.26306,27.14529,181.690649,-44.988182,0.38694
18,Ex -,-16.390181,-62.247864,-68.345008,173.594262,-47.53239,0.38694
19,Ex -,-20.112133,-76.253862,-73.067706,196.205139,-54.194707,0.38694
20,Ex -,-15.514964,-75.331119,72.630026,194.71549,-47.208976,0.38694
21,Ex -,-21.815314,-55.41188,149.471207,162.55845,-58.345074,0.38694
22,Ex -,-17.318876,-57.122661,-47.551033,164.401982,-47.086093,0.38694
23,Ex -,-14.774414,-65.662327,38.297477,178.188171,-43.678787,0.38694
24,Ex -,-15.875178,-61.411875,-53.354581,171.326364,-46.700984,0.38694
25,Ex -,-16.076599,-75.460022,-88.42445,194.005284,-47.679859,0.38694
26,Ex -,-15.51459,-73.777356,64.040102,191.288837,-47.208373,0.38694
27,Ex -,-17.899922,-54.747838,127.156659,160.568136,-52.024178,0.38694
28,Ex -,-15.110666,-48.330465,-34.019768,150.208117,-48.76644,0.38694
29,Ex -,-15.92469,-56.8907,-5.535915,164.027511,-51.325732,0.38694
30,Ex -,-16.81458,-56.878977,-9.086735,164.008585,-54.0075,0.38694
31,Ex -,-18.367863,-48.642236,19.536392,150.711431,-57.760232,0.38694
32,Ex -,-13.034093,-24.961927,-13.790231,111.081829,-40.168863,0.38694
33,Ex -,-14.786924,-70.678078,-105.428463,184.884653,-43.232049,0.38694
34,Ex -,-16.119185,-71.032429,59.756513,185.456706,-45.849745,0.38694
35,Ex -,-17.340666,-59.790729,-85.257129,167.308433,-49.066825,0.38694
36,Ex -,-17.621596,-73.75294,-116.804916,189.848621,-50.174057,0.38694
37,Ex -,-13.364861,-69.499665,147.608922,182.982258,-43.737913,0.38694
38,Ex -,-19.332082,-56.535175,-11.451307,162.052762,-54.336216,0.38694
39,Ex -,-20.863955,-54.760642,-24.512302,159.188008,-58.054383,0.38694
40,Ex -,-21.798175,-54.220554,-26.787696,158.316105,-60.807716,0.38694
41,Ex -,-22.987496,-54.360213,-28.015058,158.541567,-63.972876,0.38694
42,Ex -,-24.909478,-52.068183,-25.072853,154.84138,-68.320824,0.38694
43,Ex -,-20.04858,-68.583625,-91.768312,180.849723,-51.726314,0.38694
44,Ex -,-16.427516,-70.400925,103.970949,183.783519,-46.347507,0.38694
45,Ex -,-17.604194,-60.078959,-44.80225,167.120037,-49.492258,0.38694
46,Ex -,-17.97247,-60.908676,90.49996,168.459508,-50.740498,0.38694
47,Ex -,-19.499743,-52.400849,18.251752,154.724719,-54.606883,0.38694
48,Ex -,-20.717692,-53.790079,24.58697,156.967452,-57.818259,0.38694
49,Ex -,-21.978649,-53.706379,25.612236,156.832328,-61.099069,0.38694
50,Ex -,-23.175467,-53.328057,27.939813,156.221577,-64.276332,0.38694
51,Ex -,-24.443498,-62.295175,-52.015608,170.697831,-67.568559,0.38694
52,Ex -,-24.518547,-55.986827,113.427767,160.513818,-68.312294,0.38694
53,Ex -,-11.207478,-67.638485,-102.074394,178.016502,-37.453497,0.38694
54,Ex -,-11.725037,-69.953273,90.39042,181.753429,-38.755961,0.38694
55,Ex -,-12.773622,-59.683904,-57.714417,165.174859,-41.693923,0.38694
56,Ex -,-13.099567,-63.218922,46.907151,170.881689,-42.873825,0.38694
57,Ex -,-12.311716,-66.485722,-73.978512,176.155516,-42.457986,0.38694
58,Ex -,-14.117367,-63.278299,108.996632,170.977545,-45.917732,0.38694
59,Ex -,-15.149963,-53.075409,6.487768,154.506296,-48.82988,0.38694
60,Ex -,-16.11668,-53.602889,8.262224,155.357844,-51.635676,0.38694
61,Ex -,-17.041369,-53.142184,10.075665,154.614096,-54.373622,0.38694
62,Ex -,-18.068067,-62.194022,-72.254503,169.227119,-57.276248,0.38694
63,Ex -,-18.637256,-55.03553,113.568601,157.670659,-58.817709,0.38694
1,Ey,48.446154,-6.79179,40.834671,13.493656,154.023105,-1.387877
2,Ey,50.247556,-1.649255,31.453416,5.191697,160.001699,-1.387877
3,Ey,58.623896,-2.605139,63.847357,9.023738,163.642911,-1.387877
4,Ey,61.596453,-4.951753,103.302934,12.812044,172.907849,-1.387877
5,Ey,64.267957,-4.9202,-39.532024,14.99417,172.754519,-1.387877
6,Ey,62.875745,-6.296863,-90.910946,17.216614,174.973101,-1.387877
7,Ey,56.26646,-6.675248,-1.972719,17.827467,166.647979,-1.387877
8,Ey,59.455165,-5.320888,2.813068,15.641029,174.866195,-1.387877
9,Ey,51.65215,-8.063676,-2.671646,24.479206,152.387927,-1.387877
10,Ey,54.227085,-10.055283,-6.181839,27.694398,161.010955,-1.387877
11,Ey,63.446659,-10.595606,74.737192,28.56668,178.239485,-1.387877
12,Ey,69.808592,-8.135206,91.734672,24.594683,191.580467,-1.387877
13,Ey,73.35978,-7.532217,40.687078,25.965951,194.242939,-1.387877
14,Ey,56.985168,-15.494605,-62.890805,38.820199,170.878704,-1.387877
15,Ey,65.595014,-10.410493,180.326287,30.612556,186.73212,-1.387877
16,Ey,48.03189,-13.115348,16.680271,36.933126,144.031288,-1.387877
17,Ey,54.760323,-14.628263,26.963696,39.375533,157.405672,-1.387877
18,Ey,57.880189,-13.620739,6.601944,37.749015,166.908419,-1.387877
19,Ey,69.952871,-16.39727,-95.470854,42.231365,188.742923,-1.387877
20,Ey,52.74419,-17.037309,-33.832222,43.264626,162.524875,-1.387877
21,Ey,76.446571,-11.409537,-89.176454,34.179314,204.250557,-1.387877
22,Ey,60.214261,-14.990686,-31.133048,43.254386,163.698154,-1.387877
23,Ey,52.785676,-17.366539,-21.295787,47.089895,154.217859,-1.387877
24,Ey,56.113715,-16.183192,-47.705154,45.179533,164.056676,-1.387877
25,Ey,56.822017,-19.79809,-48.649917,51.015319,167.544855,-1.387877
26,Ey,54.396539,-19.623808,17.345581,50.733963,165.192378,-1.387877
27,Ey,62.032277,-14.096723,-3.46819,41.811198,180.980541,-1.387877
28,Ey,52.702443,-12.851509,18.81735,39.800961,170.384856,-1.387877
29,Ey,54.599835,-14.964898,26.330723,43.212755,177.914077,-1.387877
30,Ey,57.430387,-15.072973,26.629342,43.387229,186.949766,-1.387877
31,Ey,61.955381,-10.965235,38.507866,36.755815,198.720911,-1.387877
32,Ey,40.029782,-8.100425,-15.651563,37.155343,131.112918,-1.387877
33,Ey,54.41807,-23.807605,24.162879,62.512557,155.178351,-1.387877
34,Ey,57.42333,-24.017054,103.757341,62.850686,161.704753,-1.387877
35,Ey,61.154923,-20.236936,60.429515,56.748174,172.195056,-1.387877
36,Ey,62.962685,-25.44521,44.47307,65.156259,177.45817,-1.387877
37,Ey,47.238355,-23.767435,29.120388,62.447708,153.636414,-1.387877
38,Ey,67.700075,-19.265726,89.292152,55.18028,190.130469,-1.387877
39,Ey,72.197965,-18.459625,90.528202,53.878934,201.85786,-1.387877
40,Ey,75.331073,-18.360955,96.61685,53.719644,211.381985,-1.387877
41,Ey,79.092549,-18.550285,100.193111,54.025292,221.920529,-1.387877
42,Ey,83.498685,-13.582036,126.150635,46.004697,233.499795,-1.387877
43,Ey,68.409453,-25.658834,-83.529176,67.845844,177.765632,-1.387877
44,Ey,58.347862,-26.674951,-38.58544,69.486235,163.197291,-1.387877
45,Ey,62.08516,-22.532227,-102.215381,62.798342,173.696804,-1.387877
46,Ey,64.171833,-22.473429,-49.430435,62.70342,179.410184,-1.387877
47,Ey,68.117172,-20.365159,-77.391633,59.29989,190.803818,-1.387877
48,Ey,71.98356,-20.040913,-86.96678,58.776437,201.51173,-1.387877
49,Ey,75.967492,-20.130778,-92.651765,58.921512,212.409402,-1.387877
50,Ey,79.7678,-19.978993,-96.668042,58.676475,223.010635,-1.387877
51,Ey,83.24685,-23.158701,-128.971791,63.809703,233.09324,-1.387877
52,Ey,69.803851,-20.223855,60.359357,59.071773,213.624317,-1.387877
53,Ey,38.526354,-30.654495,-62.094688,80.600128,129.523227,-1.387877
54,Ey,42.459309,-31.52397,14.026181,82.003784,137.547272,-1.387877
55,Ey,45.179347,-26.870934,-54.215677,74.492058,146.40455,-1.387877
56,Ey,46.290914,-28.431503,-7.481976,77.011395,150.543749,-1.387877
57,Ey,43.784517,-29.979889,-44.45575,79.511063,149.567957,-1.387877
58,Ey,49.569188,-28.463307,19.158765,77.062738,160.860492,-1.387877
59,Ey,52.393373,-23.971153,-30.014404,69.810735,169.885901,-1.387877
60,Ey,55.360578,-24.099754,-29.825181,70.018346,179.142198,-1.387877
61,Ey,58.170601,-23.906158,-30.679182,69.705809,188.144745,-1.387877
62,Ey,60.983335,-28.004506,-70.101985,76.322063,197.151669,-1.387877
63,Ey,64.140279,-24.849856,9.94056,71.229288,204.481212,-1.387877
1,Ey +,47.916645,-3.848153,42.77943,5.02519,152.462182,-1.6724
2,Ey +,50.231515,0.93663,28.034525,-2.699225,159.899167,-1.6724
3,Ey +,56.82054,-0.645746,62.685363,2.613443,158.629263,-1.6724
4,Ey +,60.418225,-2.468547,102.282319,5.556121,169.818972,-1.6724
5,Ey +,62.338992,-3.204511,-37.340439,9.435094,167.53809,-1.6724
6,Ey +,61.918881,-3.958536,-86.905227,10.65237,172.241586,-1.6724
7,Ey +,55.834045,-4.192504,-3.904193,11.03008,165.243803,-1.6724
8,Ey +,59.424061,-3.42864,0.537465,9.796921,174.739346,-1.6724
9,Ey +,50.104272,-6.877161,-2.016904,20.678552,147.786715,-1.6724
10,Ey +,53.379606,-8.473686,-4.403408,23.255935,158.45603,-1.6724
11,Ey +,62.882302,-8.918371,73.085361,23.973823,176.622304,-1.6724
12,Ey +,69.771753,-6.835957,90.17038,20.612033,191.444358,-1.6724
13,Ey +,72.697698,-6.579616,41.34246,23.023603,192.467992,-1.6724
14,Ey +,56.964715,-14.151205,-61.278976,35.246956,170.769049,-1.6724
15,Ey +,65.894419,-9.274537,177.974625,27.374205,187.539401,-1.6724
16,Ey +,46.118349,-12.262327,16.354213,34.552104,138.324744,-1.6724
17,Ey +,53.132197,-13.733129,25.896241,36.926523,152.674909,-1.6724
18,Ey +,56.974991,-12.796361,7.179921,35.414232,164.260314,-1.6724
19,Ey +,69.328125,-15.380667,-93.26783,39.586261,187.028252,-1.6724
20,Ey +,52.508547,-16.02333,-34.464153,40.623758,161.758814,-1.6724
21,Ey +,76.771514,-10.6825,-91.325909,32.001677,205.099066,-1.6724
22,Ey +,57.839732,-14.725547,-30.220782,42.497665,157.247404,-1.6724
23,Ey +,51.21356,-17.074778,-20.500689,46.290197,149.577518,-1.6724
24,Ey +,55.236014,-15.911697,-46.863969,44.412551,161.45296,-1.6724
25,Ey +,56.31473,-19.462723,-47.937098,50.145225,166.019806,-1.6724
26,Ey +,54.146602,-19.293132,17.010819,49.871442,164.403242,-1.6724
27,Ey +,62.307487,-13.856269,-4.160698,41.094329,181.748762,-1.6724
28,Ey +,53.468224,-12.634517,19.319406,39.121968,172.860624,-1.6724
29,Ey +,55.91075,-14.707746,26.944915,42.468929,182.185476,-1.6724
30,Ey +,59.292937,-14.820906,27.523645,42.65161,193.027292,-1.6724
31,Ey +,64.45174,-10.663052,39.668172,35.939293,206.737224,-1.6724
32,Ey +,38.407568,-8.378774,-15.437013,38.306045,125.876685,-1.6724
33,Ey +,52.461583,-24.515122,21.27625,64.356094,149.574147,-1.6724
34,Ey +,55.711624,-24.699838,102.178507,64.654295,156.839061,-1.6724
35,Ey +,60.194405,-20.799315,58.364578,58.357405,169.457642,-1.6724
36,Ey +,62.404821,-26.147926,42.661165,66.992046,175.851472,-1.6724
37,Ey +,47.028014,-24.429615,30.757049,64.218055,152.911201,-1.6724
38,Ey +,67.989804,-19.797765,89.726756,56.740531,190.92213,-1.6724
39,Ey +,73.25629,-18.971953,91.818547,55.407364,204.805902,-1.6724
40,Ey +,77.139584,-18.868103,98.936094,55.239712,216.456688,-1.6724
41,Ey +,81.660947,-19.064307,103.472073,55.556458,229.137556,-1.6724
42,Ey +,86.858739,-13.904815,131.320041,47.227124,242.910431,-1.6724
43,Ey +,65.904803,-26.831419,-83.724634,70.920855,171.276491,-1.6724
44,Ey +,56.604588,-27.821912,-34.980419,72.519878,158.280636,-1.6724
45,Ey +,61.110211,-23.501408,-102.159444,65.544983,170.936094,-1.6724
46,Ey +,63.603255,-23.455659,-47.350355,65.471126,177.786189,-1.6724
47,Ey +,68.408246,-21.205966,-77.732435,61.839287,191.59765,-1.6724
48,Ey +,73.038803,-20.899438,-88.209528,61.344438,204.454797,-1.6724
49,Ey +,77.791369,-20.989107,-94.875369,61.489196,217.508911,-1.6724
50,Ey +,82.358165,-20.831137,-99.832807,61.234175,230.263125,-1.6724
51,Ey +,86.589187,-24.157078,-134.479872,66.603476,242.475274,-1.6724
52,Ey +,72.877837,-21.086926,63.174939,61.647113,223.030925,-1.6724
53,Ey +,37.103337,-32.783595,-64.94097,86.180671,124.780242,-1.6724
54,Ey +,41.20823,-33.645999,17.342441,87.572911,133.425204,-1.6724
55,Ey +,44.478334,-28.661993,-55.986984,79.526877,144.086075,-1.6724
56,Ey +,45.887651,-30.33491,-5.898252,82.227585,149.186632,-1.6724
57,Ey +,43.76615,-31.982727,-47.02138,84.887772,149.46167,-1.6724
58,Ey +,49.787406,-30.369531,22.490765,82.283476,161.536707,-1.6724
59,Ey +,53.165028,-25.556104,-30.485139,74.51282,172.371153,-1.6724
60,Ey +,56.689944,-25.699127,-30.541822,74.743712,183.443386,-1.6724
61,Ey +,60.056901,-25.492113,-31.657033,74.409514,194.260613,-1.6724
62,Ey +,63.426206,-29.874365,-74.195419,81.484095,205.081632,-1.6724
63,Ey +,66.946521,-26.499727,11.79069,76.036178,213.45558,-1.6724
1,Ey -,48.975662,-9.735427,38.889912,21.962122,155.584027,-1.103354
2,Ey -,50.263596,-4.23514,34.872307,13.082619,160.10423,-1.103354
3,Ey -,60.427251,-4.564531,65.009352,15.434033,168.656559,-1.103354
4,Ey -,62.774681,-7.434959,104.323549,20.067968,175.996726,-1.103354
5,Ey -,66.196922,-6.63589,-41.72361,20.553245,177.970948,-1.103354
6,Ey -,63.83261,-8.635191,-94.916664,23.780859,177.704615,-1.103354
7,Ey -,56.698874,-9.157992,-0.041245,24.624854,168.052156,-1.103354
8,Ey -,59.486269,-7.213137,5.08867,21.485137,174.993044,-1.103354
9,Ey -,53.200028,-9.25019,-3.326388,28.279859,156.989139,-1.103354
10,Ey -,55.074563,-11.636879,-7.960269,32.132861,163.565879,-1.103354
11,Ey -,64.011016,-12.27284,76.389024,33.159537,179.856666,-1.103354
12,Ey -,69.845432,-9.434456,93.298963,28.577333,191.716576,-1.103354
13,Ey -,74.021863,-8.484817,40.031697,28.9083,196.017886,-1.103354
14,Ey -,57.005621,-16.838005,-64.502634,42.393442,170.988359,-1.103354
15,Ey -,65.295609,-11.546449,182.677948,33.850908,185.924838,-1.103354
16,Ey -,49.945431,-13.968369,17.006328,39.314148,149.737831,-1.103354
17,Ey -,56.388449,-15.523398,28.031151,41.824543,162.136435,-1.103354
18,Ey -,58.785386,-14.445118,6.023967,40.083799,169.556525,-1.103354
19,Ey -,70.577616,-17.413872,-97.673878,44.876469,190.457594,-1.103354
20,Ey -,52.979833,-18.051287,-33.200292,45.905494,163.290935,-1.103354
21,Ey -,76.121628,-12.136574,-87.026999,36.356952,203.402048,-1.103354
22,Ey -,62.588791,-15.255825,-32.045314,44.011108,170.148904,-1.103354
23,Ey -,54.357792,-17.6583,-22.090885,47.889593,158.8582,-1.103354
24,Ey -,56.991416,-16.454686,-48.546338,45.946514,166.660391,-1.103354
25,Ey -,57.329304,-20.133456,-49.362737,51.885413,169.069904,-1.103354
26,Ey -,54.646475,-19.954484,17.680344,51.596485,165.981514,-1.103354
27,Ey -,61.757068,-14.337176,-2.775682,42.528067,180.21232,-1.103354
28,Ey -,51.936663,-13.0685,18.315294,40.479953,167.909088,-1.103354
29,Ey -,53.28892,-15.22205,25.716532,43.956582,173.642678,-1.103354
30,Ey -,55.567837,-15.325041,25.735038,44.122848,180.87224,-1.103354
31,Ey -,59.459021,-11.267418,37.34756,37.572338,190.704598,-1.103354
32,Ey -,41.651995,-7.822076,-15.866114,36.004641,136.34915,-1.103354
33,Ey -,56.374558,-23.100087,27.049508,60.669019,160.782554,-1.103354
34,Ey -,59.135036,-23.33427,105.336175,61.047077,166.570444,-1.103354
35,Ey -,62.115442,-19.674557,62.494451,55.138943,174.93247,-1.103354
36,Ey -,63.520548,-24.742494,46.284975,63.320472,179.064868,-1.103354
37,Ey -,47.448696,-23.105255,27.483728,60.677361,154.361628,-1.103354
38,Ey -,67.410346,-18.733687,88.857547,53.620029,189.338808,-1.103354
39,Ey -,71.139641,-17.947297,89.237856,52.350504,198.909818,-1.103354
40,Ey -,73.522563,-17.853807,94.297607,52.199576,206.307281,-1.103354
41,Ey -,76.52415,-18.036262,96.914148,52.494127,214.703502,-1.103354
42,Ey -,80.138631,-13.259257,120.98123,44.782269,224.089159,-1.103354
43,Ey -,70.914103,-24.486249,-83.333719,64.770834,184.254773,-1.103354
44,Ey -,60.091136,-25.527991,-42.190461,66.452591,168.113945,-1.103354
45,Ey -,63.06011,-21.563046,-102.271318,60.051701,176.457513,-1.103354
46,Ey -,64.740411,-21.4912,-51.510514,59.935713,181.034179,-1.103354
47,Ey -,67.826099,-19.524353,-77.05083,56.760493,190.009987,-1.103354
48,Ey -,70.928317,-19.182389,-85.724032,56.208436,198.568663,-1.103354
49,Ey -,74.143616,-19.272449,-90.428161,56.353827,207.309892,-1.103354
50,Ey -,77.177434,-19.126849,-93.503276,56.118775,215.758144,-1.103354
51,Ey -,79.904513,-22.160325,-123.463709,61.01593,223.711206,-1.103354
52,Ey -,66.729864,-19.360785,57.543775,56.496434,204.217708,-1.103354
53,Ey -,39.949372,-28.525394,-59.248406,75.019585,134.266212,-1.103354
54,Ey -,43.710387,-29.401941,10.70992,76.434656,141.66934,-1.103354
55,Ey -,45.880359,-25.079875,-52.44437,69.457239,148.723024,-1.103354
56,Ey -,46.694178,-26.528097,-9.0657,71.795206,151.900866,-1.103354
57,Ey -,43.802884,-27.977051,-41.89012,74.134355,149.674245,-1.103354
58,Ey -,49.35097,-26.557083,15.826765,71.842,160.184277,-1.103354
59,Ey -,51.621718,-22.386202,-29.543669,65.108651,167.40065,-1.103354
60,Ey -,54.031211,-22.500381,-29.10854,65.292979,174.84101,-1.103354
61,Ey -,56.2843,-22.320203,-29.701331,65.002104,182.028877,-1.103354
62,Ey -,58.540464,-26.134647,-66.00855,71.160032,189.221707,-1.103354
63,Ey -,61.334038,-23.199985,8.09043,66.422399,195.506844,-1.103354
1,RM(RS),11.60363,48.486127,46.058262,140.021087,39.815931,0.63448
2,RM(RS),12.689578,46.39387,44.236841,136.659109,40.755855,0.63448
3,RM(RS),19.882182,36.851965,35.71298,121.462238,55.433627,0.63448
4,RM(RS),14.77212,49.403819,45.819995,141.725458,45.446012,0.63448
5,RM(RS),21.664983,40.185767,17.94827,127.046188,58.308879,0.63448
6,RM(RS),19.054917,55.195785,34.320154,151.293973,52.648073,0.63448
7,RM(RS),16.70235,58.258768,40.589308,156.238996,48.117286,0.63448
8,RM(RS),15.126334,45.113503,46.382609,135.017391,44.689898,0.63448
9,RM(RS),16.63733,41.039042,23.4223,128.903441,50.183131,0.63448
10,RM(RS),15.848552,55.579915,54.650069,152.390494,47.473345,0.63448
11,RM(RS),17.601219,58.384816,16.947221,156.918819,49.582364,0.63448
12,RM(RS),18.127072,46.146582,26.984472,137.161526,49.533692,0.63448
13,RM(RS),20.509816,46.648768,58.861453,138.248744,54.27796,0.63448
14,RM(RS),15.067948,61.922395,52.40651,162.907598,44.593491,0.63448
15,RM(RS),16.440067,53.312804,88.549866,149.008454,46.268815,0.63448
16,RM(RS),16.16796,48.292875,70.100607,140.939605,50.267029,0.63448
17,RM(RS),18.200681,58.88984,26.126381,158.253499,52.718635,0.63448
18,RM(RS),16.98674,54.075202,58.770568,150.484136,49.311093,0.63448
19,RM(RS),19.509993,66.220522,64.804878,170.091174,52.663898,0.63448
20,RM(RS),14.36393,65.36029,62.558802,168.70242,43.891456,0.63448
21,RM(RS),18.605811,48.171681,124.905013,140.953561,49.767069,0.63448
22,RM(RS),23.746623,45.518149,57.66905,136.469672,62.452253,0.63448
23,RM(RS),17.446564,58.822578,38.608758,158.581845,51.500598,0.63448
24,RM(RS),16.462329,54.283791,47.879878,151.259393,48.464459,0.63448
25,RM(RS),15.815912,66.865879,85.478906,171.571558,46.70012,0.63448
26,RM(RS),14.40923,65.195933,63.796913,168.875644,43.965182,0.63448
27,RM(RS),15.11349,48.525125,111.727694,141.962771,44.12887,0.63448
28,RM(RS),11.588636,42.682184,27.021286,132.530087,37.306296,0.63448
29,RM(RS),11.071869,50.38203,3.352458,144.95994,35.504099,0.63448
30,RM(RS),10.683254,50.270554,8.35839,144.73423,34.097683,0.63448
31,RM(RS),10.963122,55.020473,54.026676,144.736756,33.310293,0.63448
32,RM(RS),14.033772,19.167338,37.799966,92.866432,46.64865,0.63448
33,RM(RS),18.127504,64.123624,93.170715,167.875593,53.152057,0.63448
34,RM(RS),18.978797,64.932441,55.694673,169.181296,53.974353,0.63448
35,RM(RS),17.981801,54.350183,79.335914,152.097531,50.917539,0.63448
36,RM(RS),17.363381,67.380863,117.053671,173.133878,49.197736,0.63448
37,RM(RS),12.769215,63.53866,146.996806,166.931159,41.317432,0.63448
38,RM(RS),16.523779,51.417834,11.500088,147.363625,46.405841,0.63448
39,RM(RS),15.867368,49.824632,19.6007,144.791618,44.214101,0.63448
40,RM(RS),15.131159,49.511921,18.069177,144.286352,42.057856,0.63448
41,RM(RS),14.655655,49.382461,18.416987,144.056502,40.515323,0.63448
42,RM(RS),16.020848,55.373249,34.162394,149.866034,41.946195,0.63448
43,RM(RS),24.872649,62.656291,85.466211,165.870198,64.054275,0.63448
44,RM(RS),19.36104,65.306357,99.477032,170.151044,54.591644,0.63448
45,RM(RS),18.245178,55.445745,43.969687,154.232353,51.342718,0.63448
46,RM(RS),17.432016,56.575777,81.759769,156.056509,49.308448,0.63448
47,RM(RS),16.617184,48.174567,14.719966,142.492759,46.556632,0.63448
48,RM(RS),15.866114,49.856175,19.438664,145.208615,44.212032,0.63448
49,RM(RS),15.256733,49.702554,17.429792,144.960623,42.260579,0.63448
50,RM(RS),14.761111,49.25635,17.475032,144.240369,40.685339,0.63448
51,RM(RS),14.520464,57.709783,60.611971,157.887434,39.739883,0.63448
52,RM(RS),27.150183,52.052921,112.298836,148.657996,56.416605,0.63448
53,RM(RS),13.555204,64.210232,97.551709,169.160648,45.784859,0.63448
54,RM(RS),13.791607,66.726874,88.198606,173.223254,45.599102,0.63448
55,RM(RS),13.227647,56.565133,57.128305,156.81833,43.242509,0.63448
56,RM(RS),13.011006,60.67985,39.266991,163.461022,42.171854,0.63448
57,RM(RS),11.076506,62.92275,64.252693,167.081914,38.151507,0.63448
58,RM(RS),11.992268,60.405116,102.2995,163.017491,39.090182,0.63448
59,RM(RS),11.563535,50.345596,5.532658,146.77754,37.265819,0.63448
60,RM(RS),11.191105,50.93271,5.830909,147.725381,35.696754,0.63448
61,RM(RS),10.89212,50.375926,6.903113,146.826529,34.438693,0.63448
62,RM(RS),10.835227,59.295499,73.428057,161.22617,33.789202,0.63448
63,RM(RS),10.652205,52.331542,103.457453,149.983462,33.191301,0.63448
1,RO(RS),36.324023,50.85901,54.166027,147.205077,116.008746,4.787577
2,RO(RS),38.621602,46.249183,58.23901,139.886624,123.228478,4.787577
3,RO(RS),47.996113,34.609544,49.131629,113.464179,133.935419,4.787577
4,RO(RS),46.803843,44.289011,80.946343,129.082725,131.396362,4.787577
5,RO(RS),52.302232,30.809449,44.409652,99.962139,140.88595,4.787577
6,RO(RS),47.879973,42.866741,86.304214,119.428719,133.271973,4.787577
7,RO(RS),42.679852,45.397039,35.567159,123.513569,126.293087,4.787577
8,RO(RS),45.736165,34.684631,40.629213,106.21903,134.714351,4.787577
9,RO(RS),42.024847,22.720957,13.266472,72.767523,124.295119,4.787577
10,RO(RS),41.22287,31.070468,32.654565,86.250999,122.52909,4.787577
11,RO(RS),48.032297,32.733227,57.951964,88.935524,134.953056,4.787577
12,RO(RS),53.909434,25.517619,70.221665,77.286726,147.908822,4.787577
13,RO(RS),55.528662,20.344739,39.77055,61.812412,147.055381,4.787577
14,RO(RS),44.029578,28.488338,50.291349,74.988317,131.958057,4.787577
15,RO(RS),51.965185,23.974144,134.64495,67.719889,147.797765,4.787577
16,RO(RS),42.300852,18.819891,16.00289,53.998009,126.811436,4.787577
17,RO(RS),44.456755,21.787789,26.926671,58.814966,128.220097,4.787577
18,RO(RS),44.013739,20.020843,18.406722,55.962902,127.034639,4.787577
19,RO(RS),52.950037,24.486685,74.188933,63.173343,142.892438,4.787577
20,RO(RS),40.196126,24.457841,35.525203,63.121549,123.855745,4.787577
21,RO(RS),60.608783,17.605334,92.784375,52.062522,161.754188,4.787577
22,RO(RS),52.902316,12.092439,30.722482,36.32899,143.926786,4.787577
23,RO(RS),43.021144,15.706876,17.746779,42.289139,125.902979,4.787577
24,RO(RS),42.685331,14.454564,36.67688,40.268181,124.890135,4.787577
25,RO(RS),43.409086,17.756892,36.611176,45.599357,127.49031,4.787577
26,RO(RS),41.122946,17.411681,21.171536,45.042092,125.342905,4.787577
27,RO(RS),48.900469,12.767622,26.055733,37.543149,142.850422,4.787577
28,RO(RS),44.426596,11.424568,19.501999,35.375201,144.44886,4.787577
29,RO(RS),50.694281,13.510819,24.881707,38.742623,165.320352,4.787577
30,RO(RS),58.179133,13.302141,26.86877,38.375256,189.439853,4.787577
31,RO(RS),69.663041,22.123162,54.776032,48.327987,220.856078,4.787577
32,RO(RS),35.427624,6.276245,15.06677,28.82933,115.711636,4.787577
33,RO(RS),46.512791,19.026791,39.831207,49.919069,132.786425,4.787577
34,RO(RS),46.790946,19.066138,78.743724,49.980291,131.988899,4.787577
35,RO(RS),46.532964,15.93766,50.971527,44.924475,131.101891,4.787577
36,RO(RS),48.141699,20.123168,37.946289,51.683858,135.130415,4.787577
37,RO(RS),36.854878,18.825842,30.495807,49.589762,118.460777,4.787577
38,RO(RS),53.470875,15.086467,71.702039,43.550566,150.230429,4.787577
39,RO(RS),61.603736,14.560867,78.032797,42.701158,172.179279,4.787577
40,RO(RS),70.131047,14.432882,90.108199,42.492393,196.69874,4.787577
41,RO(RS),80.22221,15.043405,100.620718,43.483935,225.025716,4.787577
42,RO(RS),90.400578,11.845795,160.866035,31.164001,254.34127,4.787577
43,RO(RS),58.859287,24.140548,61.574416,63.721375,152.718483,4.787577
44,RO(RS),47.578715,24.612793,52.758863,64.480252,133.260833,4.787577
45,RO(RS),47.211044,20.639891,76.626135,58.065659,132.196481,4.787577
46,RO(RS),48.342786,20.763981,44.399573,58.268108,135.453537,4.787577
47,RO(RS),53.900985,18.441635,61.50117,54.505422,150.924718,4.787577
48,RO(RS),61.451751,18.366621,74.394569,54.393663,171.933922,4.787577
49,RO(RS),70.720274,18.411834,86.271635,54.465764,197.649976,4.787577
50,RO(RS),80.914945,18.259034,98.212775,54.219428,226.144058,4.787577
51,RO(RS),91.482241,21.285905,138.653886,59.108071,256.096113,4.787577
52,RO(RS),74.097106,17.200487,79.751786,52.439407,234.371066,4.787577
53,RO(RS),32.759662,38.247825,62.641059,100.384724,110.583543,4.787577
54,RO(RS),34.401457,38.589772,47.521314,100.933916,111.986504,4.787577
55,RO(RS),34.300556,32.441417,50.468204,91.006994,111.353637,4.787577
56,RO(RS),35.795234,34.809692,20.026643,94.831007,115.198051,4.787577
57,RO(RS),33.961697,36.251017,48.649547,97.156926,115.707014,4.787577
58,RO(RS),39.124013,34.753258,46.805278,94.739365,127.068684,4.787577
59,RO(RS),44.574794,28.854227,26.850325,85.213404,144.687833,4.787577
60,RO(RS),51.41932,29.090098,28.221355,85.594962,166.490853,4.787577
61,RO(RS),58.879925,28.812168,31.292342,85.146144,190.571201,4.787577
62,RO(RS),66.929702,33.946063,84.228764,93.435986,216.459075,4.787577
63,RO(RS),73.29254,29.970764,22.894872,87.016748,233.407847,4.787577
